<?xml version="1.0" encoding="UTF-8" ?>
<odoo>
    <record id="store_product_privilege" model="res.groups">
        <field name="name">Product Creation</field>
    </record>

    <record id="purchase_multi_level_approval" model="res.groups">
        <field name="name">Purchase Approve</field>
    </record>

    <record id="purchase_multi_level_approval_confirm" model="res.groups">
        <field name="name">Purchase Confirm</field>
    </record>

    <record id="transfer_validate" model="res.groups">
        <field name="name">Transfers</field>
    </record>

    <record id="price_restriction" model="res.groups">
        <field name="name">POS Price</field>
    </record>

    <record model="ir.rule" id="record_sale_indent_rule">
        <field name="name">record_sale_indent_rule</field>
        <field name="model_id" ref="model_sales_indent"/>
        <field name="global" eval="True"/>
        <field name="domain_force">
            [('company_id', 'in', company_ids)]
        </field>
    </record>

</odoo>