<?xml version="1.0" encoding="utf-8"?>
<odoo>

    <data>
        <record id="group_plan_planning" model="res.groups">
            <field name="name">Production Planning</field>
        </record>

        <record id="group_production_approve" model="res.groups">
            <field name="name">Approve Production Planning</field>
        </record>

        <record model="ir.rule" id="record_production_planning_rule">
            <field name="name">record_production_planning_rule_group</field>
            <field name="model_id" ref="model_plan_planing"/>
            <field name="global" eval="True"/>
            <field name="domain_force">
                [('company_id', 'in', company_ids)]
            </field>
        </record>
    </data>

</odoo>